[
    {
        "model": "accounts.skill",
        "pk": 1,
        "fields": {
            "name": "Teaching",
            "description": "Experience in education and teaching others"
        }
    },
    {
        "model": "accounts.skill",
        "pk": 2,
        "fields": {
            "name": "Computer Skills",
            "description": "Proficiency with computers and software"
        }
    },
    {
        "model": "accounts.skill",
        "pk": 3,
        "fields": {
            "name": "First Aid",
            "description": "Medical first aid knowledge and certification"
        }
    },
    {
        "model": "accounts.skill",
        "pk": 4,
        "fields": {
            "name": "Construction",
            "description": "Experience with building and construction work"
        }
    },
    {
        "model": "accounts.skill",
        "pk": 5,
        "fields": {
            "name": "Event Planning",
            "description": "Experience organizing and coordinating events"
        }
    },
    {
        "model": "accounts.skill",
        "pk": 6,
        "fields": {
            "name": "Cooking",
            "description": "Culinary skills and food preparation"
        }
    },
    {
        "model": "accounts.skill",
        "pk": 7,
        "fields": {
            "name": "Graphic Design",
            "description": "Skills in creating visual content"
        }
    },
    {
        "model": "accounts.skill",
        "pk": 8,
        "fields": {
            "name": "Photography",
            "description": "Experience with photography and image editing"
        }
    },
    {
        "model": "accounts.skill",
        "pk": 9,
        "fields": {
            "name": "Writing",
            "description": "Content creation and writing skills"
        }
    },
    {
        "model": "accounts.skill",
        "pk": 10,
        "fields": {
            "name": "Childcare",
            "description": "Experience working with and caring for children"
        }
    },
    {
        "model": "accounts.interest",
        "pk": 1,
        "fields": {
            "name": "Education",
            "description": "Initiatives related to learning and teaching"
        }
    },
    {
        "model": "accounts.interest",
        "pk": 2,
        "fields": {
            "name": "Healthcare",
            "description": "Medical and health-related initiatives"
        }
    },
    {
        "model": "accounts.interest",
        "pk": 3,
        "fields": {
            "name": "Environment",
            "description": "Environmental conservation and sustainability"
        }
    },
    {
        "model": "accounts.interest",
        "pk": 4,
        "fields": {
            "name": "Poverty Relief",
            "description": "Initiatives aimed at reducing poverty"
        }
    },
    {
        "model": "accounts.interest",
        "pk": 5,
        "fields": {
            "name": "Human Rights",
            "description": "Advocacy for human rights and social justice"
        }
    },
    {
        "model": "accounts.interest",
        "pk": 6,
        "fields": {
            "name": "Animal Welfare",
            "description": "Protection and care for animals"
        }
    },
    {
        "model": "accounts.interest",
        "pk": 7,
        "fields": {
            "name": "Arts & Culture",
            "description": "Promotion of artistic and cultural activities"
        }
    },
    {
        "model": "accounts.interest",
        "pk": 8,
        "fields": {
            "name": "Community Development",
            "description": "Initiatives that strengthen local communities"
        }
    },
    {
        "model": "accounts.interest",
        "pk": 9,
        "fields": {
            "name": "Youth Development",
            "description": "Programs focused on youth empowerment"
        }
    },
    {
        "model": "accounts.interest",
        "pk": 10,
        "fields": {
            "name": "Disaster Relief",
            "description": "Emergency response and recovery efforts"
        }
    },
    {
        "model": "core.faq",
        "pk": 1,
        "fields": {
            "question": "What is the Local Volunteer Network?",
            "answer": "The Local Volunteer Network is a platform designed to connect volunteers with meaningful opportunities in Accra. Our goal is to make it easier for organizations to find dedicated volunteers and for individuals to discover ways to contribute to their community.",
            "order": 1
        }
    },
    {
        "model": "core.faq",
        "pk": 2,
        "fields": {
            "question": "How do I sign up as a volunteer?",
            "answer": "To sign up as a volunteer, click the 'Register' button in the top navigation bar, then select 'Volunteer' and fill out the registration form. After creating your account, you'll be able to complete your profile by adding your skills, interests, and availability.",
            "order": 2
        }
    },
    {
        "model": "core.faq",
        "pk": 3,
        "fields": {
            "question": "How do I register my organization?",
            "answer": "To register your organization, click the 'Register' button in the top navigation bar, then select 'Organization' and complete the registration form. After creating your account, you'll be able to add details about your organization and start posting volunteer opportunities.",
            "order": 3
        }
    },
    {
        "model": "core.faq",
        "pk": 4,
        "fields": {
            "question": "Is there a cost to use the platform?",
            "answer": "No, the Local Volunteer Network is completely free for both volunteers and organizations. Our mission is to promote volunteerism and community engagement in Accra without financial barriers.",
            "order": 4
        }
    },
    {
        "model": "core.faq",
        "pk": 5,
        "fields": {
            "question": "How are volunteers matched with opportunities?",
            "answer": "Our platform uses a matching algorithm that considers your skills, interests, and availability to suggest relevant opportunities. You can also browse and search for opportunities manually based on your preferences.",
            "order": 5
        }
    },
    
    {
        "model": "auth.user",
        "pk": 1,
        "fields": {
            "password": "pbkdf2_sha256$600000$mKKYOMx0euhTl3PBBEL84o$GiWTe3B14HgkFkzn2pDHqR8fvZB8yDcZrNUhQLyq33I=",
            "last_login": null,
            "is_superuser": true,
            "username": "admin",
            "first_name": "Admin",
            "last_name": "User",
            "email": "admin@example.com",
            "is_staff": true,
            "is_active": true,
            "date_joined": "2025-04-13T12:00:00Z",
            "groups": [],
            "user_permissions": []
        }
    },
    
    {
        "model": "auth.user",
        "pk": 2,
        "fields": {
            "password": "pbkdf2_sha256$600000$mKKYOMx0euhTl3PBBEL84o$GiWTe3B14HgkFkzn2pDHqR8fvZB8yDcZrNUhQLyq33I=",
            "last_login": null,
            "is_superuser": false,
            "username": "kofi_mensah",
            "first_name": "Kofi",
            "last_name": "Mensah",
            "email": "kofi@example.com",
            "is_staff": false,
            "is_active": true,
            "date_joined": "2025-04-13T12:00:00Z",
            "groups": [],
            "user_permissions": []
        }
    },
    {
        "model": "accounts.userprofile",
        "pk": 2,
        "fields": {
            "user": 2,
            "user_type": "volunteer",
            "phone": "+233 500 111 222",
            "address": "East Legon, Accra",
            "bio": "I'm a university student passionate about education and community development. I have experience tutoring children and organizing community events.",
            "profile_picture": "",
            "created_at": "2025-04-13T12:00:00Z",
            "updated_at": "2025-04-13T12:00:00Z"
        }
    },
    {
        "model": "accounts.volunteerprofile",
        "pk": 1,
        "fields": {
            "user_profile": 2,
            "skills": [1, 2, 5],
            "interests": [1, 8, 9],
            "availability": "weekday_evening,weekend_morning,weekend_afternoon"
        }
    },
    
    {
        "model": "auth.user",
        "pk": 3,
        "fields": {
            "password": "pbkdf2_sha256$600000$mKKYOMx0euhTl3PBBEL84o$GiWTe3B14HgkFkzn2pDHqR8fvZB8yDcZrNUhQLyq33I=",
            "last_login": null,
            "is_superuser": false,
            "username": "adwoa_boateng",
            "first_name": "Adwoa",
            "last_name": "Boateng",
            "email": "adwoa@example.com",
            "is_staff": false,
            "is_active": true,
            "date_joined": "2025-04-13T12:00:00Z",
            "groups": [],
            "user_permissions": []
        }
    },
    {
        "model": "accounts.userprofile",
        "pk": 3,
        "fields": {
            "user": 3,
            "user_type": "volunteer",
            "phone": "+233 500 333 444",
            "address": "Osu, Accra",
            "bio": "I'm a healthcare professional looking to volunteer in my free time. I'm particularly interested in health education and community wellness programs.",
            "profile_picture": "",
            "created_at": "2025-04-13T12:00:00Z",
            "updated_at": "2025-04-13T12:00:00Z"
        }
    },
    {
        "model": "accounts.volunteerprofile",
        "pk": 2,
        "fields": {
            "user_profile": 3,
            "skills": [3, 9, 10],
            "interests": [2, 4, 8],
            "availability": "weekday_morning,weekday_afternoon,weekend_morning"
        }
    },
    
    {
        "model": "auth.user",
        "pk": 4,
        "fields": {
            "password": "pbkdf2_sha256$600000$mKKYOMx0euhTl3PBBEL84o$GiWTe3B14HgkFkzn2pDHqR8fvZB8yDcZrNUhQLyq33I=",
            "last_login": null,
            "is_superuser": false,
            "username": "kwame_asante",
            "first_name": "Kwame",
            "last_name": "Asante",
            "email": "kwame@example.com",
            "is_staff": false,
            "is_active": true,
            "date_joined": "2025-04-13T12:00:00Z",
            "groups": [],
            "user_permissions": []
        }
    },
    {
        "model": "accounts.userprofile",
        "pk": 4,
        "fields": {
            "user": 4,
            "user_type": "volunteer",
            "phone": "+233 500 555 666",
            "address": "Cantonments, Accra",
            "bio": "I'm a software developer with a passion for teaching tech skills to youth. I believe in giving back to the community through knowledge sharing.",
            "profile_picture": "",
            "created_at": "2025-04-13T12:00:00Z",
            "updated_at": "2025-04-13T12:00:00Z"
        }
    },
    {
        "model": "accounts.volunteerprofile",
        "pk": 3,
        "fields": {
            "user_profile": 4,
            "skills": [2, 7, 9],
            "interests": [1, 9],
            "availability": "weekday_evening,weekend_afternoon,weekend_evening"
        }
    },
    
    {
        "model": "auth.user",
        "pk": 5,
        "fields": {
            "password": "pbkdf2_sha256$600000$mKKYOMx0euhTl3PBBEL84o$GiWTe3B14HgkFkzn2pDHqR8fvZB8yDcZrNUhQLyq33I=",
            "last_login": null,
            "is_superuser": false,
            "username": "hope_foundation",
            "first_name": "Hope",
            "last_name": "Foundation",
            "email": "info@hopefoundation.org",
            "is_staff": false,
            "is_active": true,
            "date_joined": "2025-04-13T12:00:00Z",
            "groups": [],
            "user_permissions": []
        }
    },
    {
        "model": "accounts.userprofile",
        "pk": 5,
        "fields": {
            "user": 5,
            "user_type": "organization",
            "phone": "+233 302 123 456",
            "address": "Adabraka, Accra",
            "bio": "The Hope Foundation is dedicated to supporting underprivileged children through education and healthcare initiatives in Accra.",
            "profile_picture": "",
            "created_at": "2025-04-13T12:00:00Z",
            "updated_at": "2025-04-13T12:00:00Z"
        }
    },
    {
        "model": "accounts.organizationprofile",
        "pk": 1,
        "fields": {
            "user_profile": 5,
            "organization_name": "Hope Foundation",
            "mission": "To provide educational opportunities and healthcare access to underprivileged children in Accra, ensuring they have the resources they need for a brighter future.",
            "website": "https://www.hopefoundation.org",
            "interests": [1, 2, 9],
            "is_verified": true
        }
    },
    
    {
        "model": "auth.user",
        "pk": 6,
        "fields": {
            "password": "pbkdf2_sha256$600000$mKKYOMx0euhTl3PBBEL84o$GiWTe3B14HgkFkzn2pDHqR8fvZB8yDcZrNUhQLyq33I=",
            "last_login": null,
            "is_superuser": false,
            "username": "green_ghana",
            "first_name": "Green",
            "last_name": "Ghana",
            "email": "info@greenghana.org",
            "is_staff": false,
            "is_active": true,
            "date_joined": "2025-04-13T12:00:00Z",
            "groups": [],
            "user_permissions": []
        }
    },
    {
        "model": "accounts.userprofile",
        "pk": 6,
        "fields": {
            "user": 6,
            "user_type": "organization",
            "phone": "+233 302 789 012",
            "address": "Labone, Accra",
            "bio": "Green Ghana is an environmental NGO focused on sustainability, reforestation, and environmental education across Ghana.",
            "profile_picture": "",
            "created_at": "2025-04-13T12:00:00Z",
            "updated_at": "2025-04-13T12:00:00Z"
        }
    },
    {
        "model": "accounts.organizationprofile",
        "pk": 2,
        "fields": {
            "user_profile": 6,
            "organization_name": "Green Ghana Initiative",
            "mission": "To promote environmental sustainability through reforestation projects, waste management education, and community-led conservation efforts throughout Ghana.",
            "website": "https://www.greenghana.org",
            "interests": [3, 8],
            "is_verified": true
        }
    },
    
    {
        "model": "auth.user",
        "pk": 7,
        "fields": {
            "password": "pbkdf2_sha256$600000$mKKYOMx0euhTl3PBBEL84o$GiWTe3B14HgkFkzn2pDHqR8fvZB8yDcZrNUhQLyq33I=",
            "last_login": null,
            "is_superuser": false,
            "username": "accra_arts_collective",
            "first_name": "Accra Arts",
            "last_name": "Collective",
            "email": "info@accraarts.org",
            "is_staff": false,
            "is_active": true,
            "date_joined": "2025-04-13T12:00:00Z",
            "groups": [],
            "user_permissions": []
        }
    },
    {
        "model": "accounts.userprofile",
        "pk": 7,
        "fields": {
            "user": 7,
            "user_type": "organization",
            "phone": "+233 302 345 678",
            "address": "Jamestown, Accra",
            "bio": "The Accra Arts Collective promotes local arts and culture through community workshops, exhibitions, and cultural preservation projects.",
            "profile_picture": "",
            "created_at": "2025-04-13T12:00:00Z",
            "updated_at": "2025-04-13T12:00:00Z"
        }
    },
    {
        "model": "accounts.organizationprofile",
        "pk": 3,
        "fields": {
            "user_profile": 7,
            "organization_name": "Accra Arts Collective",
            "mission": "To celebrate and preserve Ghanaian arts and culture through community engagement, educational workshops, and providing a platform for local artists.",
            "website": "https://www.accraarts.org",
            "interests": [7, 8, 9],
            "is_verified": false
        }
    },
    
    {
        "model": "opportunities.opportunity",
        "pk": 1,
        "fields": {
            "title": "Weekend Tutoring for Children",
            "description": "We're looking for volunteers to help tutor children in our weekend education program. Subjects include basic math, English, and science for children aged 8-12. No formal teaching experience required, just patience and a passion for helping children learn!",
            "organization": 1,
            "location": "Hope Foundation Center, Adabraka, Accra",
            "start_date": "2025-05-10",
            "end_date": "2025-07-26",
            "start_time": "09:00:00",
            "end_time": "12:00:00",
            "required_skills": [1, 2],
            "interests": [1, 9],
            "positions": 5,
            "status": "active",
            "application_deadline": "2025-05-05",
            "created_at": "2025-04-13T12:00:00Z",
            "updated_at": "2025-04-13T12:00:00Z"
        }
    },
    
    {
        "model": "opportunities.opportunity",
        "pk": 2,
        "fields": {
            "title": "Community Health Awareness Day",
            "description": "Join us for a one-day health awareness event in the Adabraka community. Volunteers will assist with registration, guiding visitors to different health stations, and distributing educational materials. This is a great opportunity for those interested in community health education.",
            "organization": 1,
            "location": "Adabraka Community Center, Accra",
            "start_date": "2025-05-15",
            "end_date": null,
            "start_time": "08:00:00",
            "end_time": "16:00:00",
            "required_skills": [3, 5],
            "interests": [2, 8],
            "positions": 10,
            "status": "active",
            "application_deadline": "2025-05-10",
            "created_at": "2025-04-13T12:00:00Z",
            "updated_at": "2025-04-13T12:00:00Z"
        }
    },
    
    {
        "model": "opportunities.opportunity",
        "pk": 3,
        "fields": {
            "title": "Tree Planting Initiative",
            "description": "Help us green Accra! We're organizing a tree planting event in the Achimota area. Volunteers will help with planting tree saplings, watering, and educating local residents about tree care. No experience necessary - just bring your enthusiasm and a hat for sun protection.",
            "organization": 2,
            "location": "Achimota Forest Reserve, Accra",
            "start_date": "2025-05-22",
            "end_date": "2025-05-22",
            "start_time": "07:00:00",
            "end_time": "13:00:00",
            "required_skills": [4],
            "interests": [3, 8],
            "positions": 20,
            "status": "active",
            "application_deadline": "2025-05-20",
            "created_at": "2025-04-13T12:00:00Z",
            "updated_at": "2025-04-13T12:00:00Z"
        }
    },
    
    {
        "model": "opportunities.opportunity",
        "pk": 4,
        "fields": {
            "title": "Environmental Education Workshop",
            "description": "We're looking for volunteers to help conduct environmental education workshops in local schools. You'll assist in teaching students about waste management, recycling, and sustainable practices. Training will be provided before the workshops begin.",
            "organization": 2,
            "location": "Various Schools in Accra",
            "start_date": "2025-06-01",
            "end_date": "2025-07-31",
            "start_time": "10:00:00",
            "end_time": "12:00:00",
            "required_skills": [1, 9],
            "interests": [1, 3, 9],
            "positions": 8,
            "status": "active",
            "application_deadline": "2025-05-25",
            "created_at": "2025-04-13T12:00:00Z",
            "updated_at": "2025-04-13T12:00:00Z"
        }
    },
    
    {
        "model": "opportunities.opportunity",
        "pk": 5,
        "fields": {
            "title": "Community Mural Project",
            "description": "Join us in creating a vibrant community mural in Jamestown. We're looking for volunteers to help with painting, community engagement, and logistics. All artistic abilities welcome - from beginners to professionals!",
            "organization": 3,
            "location": "Jamestown Community Wall, Accra",
            "start_date": "2025-05-18",
            "end_date": "2025-05-24",
            "start_time": "09:00:00",
            "end_time": "16:00:00",
            "required_skills": [7, 8],
            "interests": [7, 8],
            "positions": 15,
            "status": "active",
            "application_deadline": "2025-05-15",
            "created_at": "2025-04-13T12:00:00Z",
            "updated_at": "2025-04-13T12:00:00Z"
        }
    },
    
    {
        "model": "opportunities.opportunity",
        "pk": 6,
        "fields": {
            "title": "Art Workshop Facilitators",
            "description": "We're seeking volunteers to help facilitate art workshops for youth in Accra. Workshops include various art forms like painting, drawing, and crafts. You'll assist our lead artists and help participants develop their creative skills.",
            "organization": 3,
            "location": "Accra Arts Center, Jamestown",
            "start_date": "2025-06-07",
            "end_date": "2025-08-30",
            "start_time": "14:00:00",
            "end_time": "17:00:00",
            "required_skills": [7],
            "interests": [7, 9],
            "positions": 6,
            "status": "active",
            "application_deadline": "2025-06-01",
            "created_at": "2025-04-13T12:00:00Z",
            "updated_at": "2025-04-13T12:00:00Z"
        }
    },
    
    {
        "model": "opportunities.application",
        "pk": 1,
        "fields": {
            "opportunity": 1,
            "volunteer": 1,
            "message": "I'm very interested in this tutoring opportunity as I have experience teaching children in my community. I've been tutoring my neighbor's children in math and English for the past year and would love to expand my impact through your program.",
            "status": "accepted",
            "created_at": "2025-04-14T10:00:00Z",
            "updated_at": "2025-04-15T13:30:00Z",
            "organization_feedback": null,
            "volunteer_feedback": null,
            "organization_rating": null,
            "volunteer_rating": null
        }
    },
    
    {
        "model": "opportunities.application",
        "pk": 2,
        "fields": {
            "opportunity": 2,
            "volunteer": 2,
            "message": "As a healthcare professional, I'm passionate about health education and community outreach. I would love to volunteer for this health awareness day to help educate community members and improve health literacy in Adabraka.",
            "status": "pending",
            "created_at": "2025-04-14T15:20:00Z",
            "updated_at": "2025-04-14T15:20:00Z",
            "organization_feedback": null,
            "volunteer_feedback": null,
            "organization_rating": null,
            "volunteer_rating": null
        }
    },
    
    {
        "model": "opportunities.application",
        "pk": 3,
        "fields": {
            "opportunity": 3,
            "volunteer": 1,
            "message": "I'm very interested in environmental conservation and have always wanted to participate in tree planting. This seems like a great opportunity to contribute to making Accra greener while learning more about tree care and environmental sustainability.",
            "status": "accepted",
            "created_at": "2025-04-15T09:45:00Z",
            "updated_at": "2025-04-16T11:20:00Z",
            "organization_feedback": "Kofi was enthusiastic and hardworking during our planning meeting. Looking forward to having him join us for the actual tree planting day!",
            "volunteer_feedback": null,
            "organization_rating": 5,
            "volunteer_rating": null
        }
    },
    
    {
        "model": "opportunities.application",
        "pk": 4,
        "fields": {
            "opportunity": 4,
            "volunteer": 3,
            "message": "I have a background in software development and am passionate about teaching tech skills. I believe I can contribute effectively to your environmental education workshops by helping students understand the connection between technology and sustainability.",
            "status": "accepted",
            "created_at": "2025-04-15T14:30:00Z",
            "updated_at": "2025-04-17T10:00:00Z",
            "organization_feedback": null,
            "volunteer_feedback": null,
            "organization_rating": null,
            "volunteer_rating": null
        }
    },
    
    {
        "model": "opportunities.application",
        "pk": 5,
        "fields": {
            "opportunity": 5,
            "volunteer": 3,
            "message": "I've always been interested in art and community projects. While I don't have professional artistic skills, I'm enthusiastic about helping with the community mural project and contributing to beautifying Jamestown.",
            "status": "declined",
            "created_at": "2025-04-16T16:15:00Z",
            "updated_at": "2025-04-18T12:40:00Z",
            "organization_feedback": "Thank you for your interest. We've received many applications from volunteers with more specific art experience for this project. We encourage you to apply for our future community events!",
            "volunteer_feedback": null,
            "organization_rating": null,
            "volunteer_rating": null
        }
    },
    
    {
        "model": "opportunities.application",
        "pk": 6,
        "fields": {
            "opportunity": 6,
            "volunteer": 1,
            "message": "I have experience organizing events for children and am passionate about arts education. I would love to help facilitate your art workshops and help young people develop their creative skills.",
            "status": "pending",
            "created_at": "2025-04-17T11:25:00Z",
            "updated_at": "2025-04-17T11:25:00Z",
            "organization_feedback": null,
            "volunteer_feedback": null,
            "organization_rating": null,
            "volunteer_rating": null
        }
    },
    
    {
        "model": "opportunities.application",
        "pk": 7,
        "fields": {
            "opportunity": 1,
            "volunteer": 3,
            "message": "I believe my software development skills can be valuable in teaching children basic computer literacy alongside math and English. I'm passionate about educational technology and would love to contribute to your weekend tutoring program.",
            "status": "pending",
            "created_at": "2025-04-18T09:50:00Z",
            "updated_at": "2025-04-18T09:50:00Z",
            "organization_feedback": null,
            "volunteer_feedback": null,
            "organization_rating": null,
            "volunteer_rating": null
        }
    }
]